ID;IDINTERVENTION;TEXT_INTERVENTIONMANUEL;IDSALARIE;Login;HEUREDEBUT;HEUREFIN;DATEDEBUT;DATEFIN;DEMIJOURDEBUT;DEMIJOURFIN;BHEURE;COMPLEMENT;TRANSFERE;CREATIONPOSTCLOTURE;IDJOURFERIE;ORIGINEINTRANET;ORIGINEINTRANET;ORIGINEINTRANET
23480;1;;615;CDE;1899-12-30 08:30:00.000;1899-12-30 18:00:00.000;2012-01-02 00:00:00.000;2012-01-03 00:00:00.000;0;0;0;0;0;0;0;0;0;1
23523;3;;46;BTE;1899-12-30 08:00:00.000;1899-12-30 17:40:00.000;2012-01-05 00:00:00.000;2012-01-05 00:00:00.000;0;0;0;0;0;0;0;0;0;1
23505;1;;574;BGN;1899-12-30 13:55:00.000;1899-12-30 17:30:00.000;2012-01-05 00:00:00.000;2012-01-06 00:00:00.000;1;0;0;0;0;0;0;24;24;1
23521;166;;572;JAR;1899-12-30 08:30:00.000;1899-12-30 17:30:00.000;2012-01-06 00:00:00.000;2012-01-06 00:00:00.000;0;0;0;0;0;0;0;1;1;1
22934;166;;298;CHT;1899-12-30 13:55:00.000;1899-12-30 17:15:00.000;2012-01-06 00:00:00.000;2012-01-06 00:00:00.000;1;0;0;0;0;0;0;1;1;NULL
22935;166;;298;CHT;1899-12-30 08:30:00.000;1899-12-30 12:32:00.000;2012-01-09 00:00:00.000;2012-01-09 00:00:00.000;1;0;0;0;0;0;0;1;1;1
23533;3;;134;CLR;1899-12-30 08:15:00.000;1899-12-30 12:05:00.000;2012-01-09 00:00:00.000;2012-01-09 00:00:00.000;1;0;0;0;0;0;0;1;1;1
23551;172;;40;RDA;1899-12-30 08:30:00.000;1899-12-30 17:30:00.000;2012-01-09 00:00:00.000;2012-03-09 00:00:00.000;0;0;0;0;0;0;0;0;0;1
23592;3;;24;SFR;1899-12-30 08:30:00.000;1899-12-30 12:05:00.000;2012-01-11 00:00:00.000;2012-01-11 00:00:00.000;1;0;0;0;0;0;0;1;1;1
23527;94;;303;CTT;1899-12-30 08:00:00.000;1899-12-30 18:00:00.000;2012-01-12 00:00:00.000;2012-01-12 00:00:00.000;0;0;0;0;0;0;0;1;1;NULL
23627;172;;617;FYGN;1899-12-30 00:00:00.000;1899-12-30 00:00:00.000;2012-01-14 00:00:00.000;2012-03-04 00:00:00.000;0;0;0;0;0;0;0;0;0;1
23651;3;;451;JVIA;1899-12-30 08:30:00.000;1899-12-30 18:00:00.000;2012-01-16 00:00:00.000;2012-01-16 00:00:00.000;0;0;0;0;0;0;0;NULL;NULL;1
23732;3;;408;CGS;1899-12-30 08:30:00.000;1899-12-30 17:30:00.000;2012-01-20 00:00:00.000;2012-01-20 00:00:00.000;0;0;0;0;0;0;0;1;1;1
23821;1;;489;CSA;1899-12-30 08:00:00.000;1899-12-30 16:30:00.000;2012-01-23 00:00:00.000;2012-01-27 00:00:00.000;0;0;0;0;0;0;0;24;24;1
23831;1;;462;TVE;1899-12-30 08:30:00.000;1899-12-30 17:30:00.000;2012-01-24 00:00:00.000;2012-01-27 00:00:00.000;0;0;0;0;0;0;0;0;0;1
23832;94;;525;LJO;1899-12-30 08:30:00.000;1899-12-30 18:00:00.000;2012-01-24 00:00:00.000;2012-01-24 00:00:00.000;0;0;0;0;0;0;0;24;24;1
23887;1;;610;CDG;1899-12-30 08:30:00.000;1899-12-30 18:00:00.000;2012-01-30 00:00:00.000;2012-01-30 00:00:00.000;0;0;0;0;0;0;0;24;24;1
23920;1;;590;ATY;1899-12-30 08:30:00.000;1899-12-30 18:00:00.000;2012-02-01 00:00:00.000;2012-02-01 00:00:00.000;0;0;0;0;0;0;0;24;24;1
23974;1;;525;LJO;1899-12-30 13:55:00.000;1899-12-30 17:30:00.000;2012-02-02 00:00:00.000;2012-02-03 00:00:00.000;1;0;0;0;0;0;0;0;0;NULL
23939;3;;119;RML;1899-12-30 08:30:00.000;1899-12-30 18:00:00.000;2012-02-06 00:00:00.000;2012-02-06 00:00:00.000;0;0;0;0;0;0;0;1;1;NULL
23950;3;;438;YLE;1899-12-30 08:30:00.000;1899-12-30 18:00:00.000;2012-02-07 00:00:00.000;2012-02-07 00:00:00.000;0;0;0;0;0;0;0;1;1;NULL
24081;1;;119;RML;1899-12-30 08:30:00.000;1899-12-30 18:00:00.000;2012-02-08 00:00:00.000;2012-02-09 00:00:00.000;0;0;0;0;0;0;0;0;0;1
24084;1;;269;MMR;1899-12-30 08:30:00.000;1899-12-30 17:30:00.000;2012-02-08 00:00:00.000;2012-02-10 00:00:00.000;0;0;0;0;0;0;0;0;0;1
24083;172;;612;EEB;1899-12-30 08:15:00.000;1899-12-30 00:00:00.000;2012-02-10 00:00:00.000;2012-02-26 00:00:00.000;0;0;0;0;0;0;0;0;0;NULL
24082;172;;361;PBT;1899-12-30 00:00:00.000;1899-12-30 00:00:00.000;2012-02-12 00:00:00.000;2012-03-11 00:00:00.000;0;0;0;0;0;0;0;NULL;NULL;NULL
24119;1;;301;DFI;1899-12-30 08:15:00.000;1899-12-30 17:45:00.000;2012-02-14 00:00:00.000;2012-02-15 00:00:00.000;0;0;0;0;0;0;0;0;0;1
24034;94;;551;PHFA;1899-12-30 08:00:00.000;1899-12-30 17:00:00.000;2012-02-16 00:00:00.000;2012-02-17 00:00:00.000;0;0;0;0;0;0;0;1;1;1
24138;3;;469;YJN;1899-12-30 08:15:00.000;1899-12-30 17:00:00.000;2012-02-17 00:00:00.000;2012-02-17 00:00:00.000;0;0;0;0;0;0;0;NULL;NULL;1
24127;172;;372;SMN;1899-12-30 00:00:00.000;1899-12-30 00:00:00.000;2012-02-18 00:00:00.000;2012-03-11 00:00:00.000;0;0;0;0;0;0;0;0;0;1
24173;1;;623;NMR;1899-12-30 14:00:00.000;1899-12-30 17:30:00.000;2012-02-20 00:00:00.000;2012-02-20 00:00:00.000;1;0;0;0;0;0;0;0;0;1
24200;172;;133;CHGN;1899-12-30 08:30:00.000;1899-12-30 17:30:00.000;2012-02-21 00:00:00.000;2012-03-23 00:00:00.000;0;0;0;0;0;0;0;NULL;NULL;NULL
24142;3;;248;KBN;1899-12-30 08:30:00.000;1899-12-30 18:00:00.000;2012-02-21 00:00:00.000;2012-02-21 00:00:00.000;0;0;0;0;0;0;0;NULL;NULL;NULL
24208;1;;575;NSN;1899-12-30 08:30:00.000;1899-12-30 17:30:00.000;2012-02-23 00:00:00.000;2012-02-24 00:00:00.000;0;0;0;0;0;0;0;0;0;NULL
24487;172;;610;CDG;1899-12-30 08:30:00.000;1899-12-30 18:00:00.000;2012-02-24 00:00:00.000;2012-02-29 00:00:00.000;0;0;0;0;0;1;0;NULL;NULL;NULL
24149;94;;173;EBN;1899-12-30 13:55:00.000;1899-12-30 17:30:00.000;2012-02-24 00:00:00.000;2012-02-24 00:00:00.000;1;0;0;0;0;0;0;1;1;NULL
24233;1;;41;PFE;1899-12-30 08:15:00.000;1899-12-30 17:35:00.000;2012-02-27 00:00:00.000;2012-03-02 00:00:00.000;0;0;0;0;0;0;0;0;0;1
24234;1;;421;BFN;1899-12-30 08:30:00.000;1899-12-30 18:00:00.000;2012-02-27 00:00:00.000;2012-03-01 00:00:00.000;0;0;0;0;0;0;0;0;0;1
24485;172;;610;CDG;1899-12-30 08:30:00.000;1899-12-30 00:00:00.000;2012-03-01 00:00:00.000;2012-03-04 00:00:00.000;0;0;0;0;0;0;0;0;0;NULL
24212;94;;173;EBN;1899-12-30 13:55:00.000;1899-12-30 17:30:00.000;2012-03-02 00:00:00.000;2012-03-02 00:00:00.000;1;0;0;0;0;0;0;1;1;NULL
24464;1;;421;BFN;1899-12-30 08:30:00.000;1899-12-30 17:30:00.000;2012-03-02 00:00:00.000;2012-03-02 00:00:00.000;0;0;0;0;0;0;0;24;24;NULL
24242;166;;284;MCL;1899-12-30 08:30:00.000;1899-12-30 17:15:00.000;2012-03-02 00:00:00.000;2012-03-02 00:00:00.000;0;0;0;0;0;0;0;1;1;NULL
24292;172;;284;MCL;1899-12-30 08:30:00.000;1899-12-30 00:00:00.000;2012-03-05 00:00:00.000;2012-03-31 00:00:00.000;0;0;0;0;0;0;0;0;0;1
24293;172;;617;FYGN;1899-12-30 08:15:00.000;1899-12-30 00:00:00.000;2012-03-05 00:00:00.000;2012-03-18 00:00:00.000;0;0;0;0;0;0;0;0;0;1
24346;1;;621;ANPN;1899-12-30 08:00:00.000;1899-12-30 17:30:00.000;2012-03-05 00:00:00.000;2012-03-06 00:00:00.000;0;0;0;0;0;0;0;0;0;1
24345;1;;590;ATY;1899-12-30 08:30:00.000;1899-12-30 18:00:00.000;2012-03-06 00:00:00.000;2012-03-07 00:00:00.000;0;0;0;0;0;0;0;0;0;1
24396;1;;104;CBT;1899-12-30 08:30:00.000;1899-12-30 18:00:00.000;2012-03-09 00:00:00.000;2012-03-12 00:00:00.000;0;0;0;0;0;0;0;0;0;1
24383;172;;372;SMN;1899-12-30 08:30:00.000;1899-12-30 00:00:00.000;2012-03-12 00:00:00.000;2012-03-24 00:00:00.000;0;0;0;0;0;0;0;NULL;NULL;1
24415;3;;134;CLR;1899-12-30 08:15:00.000;1899-12-30 17:45:00.000;2012-03-12 00:00:00.000;2012-03-12 00:00:00.000;0;0;0;0;0;0;0;NULL;NULL;1
24488;3;;28;SRZ;1899-12-30 08:00:00.000;1899-12-30 17:00:00.000;2012-03-16 00:00:00.000;2012-03-16 00:00:00.000;0;0;0;0;0;0;0;NULL;;
24524;3;;46;BTE;1899-12-30 08:00:00.000;1899-12-30 17:40:00.000;2012-03-19 00:00:00.000;2012-03-19 00:00:00.000;0;0;0;0;0;0;0;1;;
24518;3;;50;CGN;1899-12-30 08:15:00.000;1899-12-30 17:45:00.000;2012-03-19 00:00:00.000;2012-03-19 00:00:00.000;0;0;0;0;0;0;0;1;;
24542;172;;363;PBD;1899-12-30 08:30:00.000;1899-12-30 00:00:00.000;2012-03-20 00:00:00.000;2012-03-31 00:00:00.000;0;0;0;0;0;0;0;0;;
24604;1;;372;SMN;1899-12-30 00:00:00.000;1899-12-30 00:00:00.000;2012-03-25 00:00:00.000;2012-03-31 00:00:00.000;0;0;0;0;0;0;0;0;;
24705;3;;176;AMT;1899-12-30 08:30:00.000;1899-12-30 17:45:00.000;2012-03-26 00:00:00.000;2012-03-26 00:00:00.000;0;0;0;0;0;0;0;NULL;;
24691;3;;122;JCD;1899-12-30 08:30:00.000;1899-12-30 18:00:00.000;2012-03-28 00:00:00.000;2012-03-28 00:00:00.000;0;0;0;0;0;0;0;1;;
24795;1;;128;DVO;1899-12-30 08:30:00.000;1899-12-30 00:00:00.000;2012-03-29 00:00:00.000;2012-03-31 00:00:00.000;0;0;0;0;0;0;0;0;;
24762;94;;57;SRL;1899-12-30 08:30:00.000;1899-12-30 17:15:00.000;2012-03-30 00:00:00.000;2012-03-30 00:00:00.000;0;0;0;0;0;0;0;24;;
24583;94;;173;EBN;1899-12-30 13:55:00.000;1899-12-30 17:30:00.000;2012-03-30 00:00:00.000;2012-03-30 00:00:00.000;1;0;0;0;0;0;0;1;;
25683;172;;363;PBD;1899-12-30 00:00:00.000;1899-12-30 18:00:00.000;2012-04-01 00:00:00.000;2012-04-02 00:00:00.000;0;0;0;0;0;0;0;0;;
25687;172;;284;MCL;1899-12-30 00:00:00.000;1899-12-30 17:45:00.000;2012-04-01 00:00:00.000;2012-04-30 00:00:00.000;0;0;0;0;0;0;0;0;;
25706;1;;372;SMN;1899-12-30 00:00:00.000;1899-12-30 00:00:00.000;2012-04-01 00:00:00.000;2012-04-07 00:00:00.000;0;0;0;0;0;0;0;0;;
25716;1;;128;DVO;1899-12-30 00:00:00.000;1899-12-30 18:00:00.000;2012-04-01 00:00:00.000;2012-04-04 00:00:00.000;0;0;0;0;0;0;0;0;;
25627;166;;561;ALMT;1899-12-30 08:00:00.000;1899-12-30 17:00:00.000;2012-04-02 00:00:00.000;2012-04-02 00:00:00.000;0;0;0;0;0;0;0;NULL;;
24891;1;;517;JBS;1899-12-30 08:30:00.000;1899-12-30 00:00:00.000;2012-04-02 00:00:00.000;2012-04-08 00:00:00.000;0;0;0;0;0;0;0;0;;
24902;1;;176;AMT;1899-12-30 08:30:00.000;1899-12-30 17:15:00.000;2012-04-02 00:00:00.000;2012-04-06 00:00:00.000;0;0;0;0;0;0;0;0;;
25753;94;;57;SRL;1899-12-30 08:30:00.000;1899-12-30 17:45:00.000;2012-04-03 00:00:00.000;2012-04-03 00:00:00.000;0;0;0;0;0;0;0;24;;
24882;1;;248;KBN;1899-12-30 08:30:00.000;1899-12-30 18:00:00.000;2012-04-04 00:00:00.000;2012-04-05 00:00:00.000;0;0;0;0;0;0;0;0;;
24889;3;;298;CHT;1899-12-30 08:30:00.000;1899-12-30 17:45:00.000;2012-04-04 00:00:00.000;2012-04-04 00:00:00.000;0;0;0;0;0;0;0;NULL;;
23907;69;;146;TAN;1899-12-30 08:00:00.000;1899-12-30 17:00:00.000;2012-04-05 00:00:00.000;2012-04-30 00:00:00.000;0;0;0;0;0;0;0;0;;
25166;1;;517;JBS;1899-12-30 00:00:00.000;1899-12-30 00:00:00.000;2012-04-09 00:00:00.000;2012-04-14 00:00:00.000;0;0;0;0;0;0;0;0;;
24982;172;;558;BLX;1899-12-30 08:00:00.000;1899-12-30 17:00:00.000;2012-04-10 00:00:00.000;2012-04-25 00:00:00.000;0;0;0;0;0;0;0;0;;
24440;69;;27;CFN;1899-12-30 08:00:00.000;1899-12-30 17:00:00.000;2012-04-11 00:00:00.000;2012-04-30 00:00:00.000;0;0;0;0;0;0;0;0;;
25003;172;;578;BEFN;1899-12-30 00:00:00.000;1899-12-30 18:00:00.000;2012-04-15 00:00:00.000;2012-04-30 00:00:00.000;0;0;0;0;0;0;0;0;;
24776;79;;47;OFE;1899-12-30 08:00:00.000;1899-12-30 17:30:00.000;2012-04-16 00:00:00.000;2012-04-19 00:00:00.000;0;0;0;0;0;0;0;1;;
25306;172;;489;CSA;1899-12-30 08:00:00.000;1899-12-30 16:30:00.000;2012-04-17 00:00:00.000;2012-04-20 00:00:00.000;0;0;0;0;0;0;0;0;;
25168;1;;474;BPT;1899-12-30 08:30:00.000;1899-12-30 00:00:00.000;2012-04-19 00:00:00.000;2012-04-22 00:00:00.000;0;0;0;0;0;0;0;0;;
25165;3;;575;NSN;1899-12-30 08:30:00.000;1899-12-30 17:30:00.000;2012-04-20 00:00:00.000;2012-04-20 00:00:00.000;0;0;0;0;0;0;0;NULL;;
25307;172;;489;CSA;1899-12-30 00:00:00.000;1899-12-30 16:30:00.000;2012-04-21 00:00:00.000;2012-04-27 00:00:00.000;0;0;0;0;0;0;0;0;;
25308;1;;590;ATY;1899-12-30 08:30:00.000;1899-12-30 17:30:00.000;2012-04-23 00:00:00.000;2012-04-27 00:00:00.000;0;0;0;0;0;0;0;0;;
25194;166;;406;AVT;1899-12-30 08:30:00.000;1899-12-30 18:00:00.000;2012-04-23 00:00:00.000;2012-04-23 00:00:00.000;0;0;0;0;0;0;0;1;;
25208;123;;424;RME;1899-12-30 08:30:00.000;1899-12-30 18:00:00.000;2012-04-23 00:00:00.000;2012-04-30 00:00:00.000;0;0;0;0;0;0;0;0;;
25369;172;;474;BPT;1899-12-30 08:30:00.000;1899-12-30 18:00:00.000;2012-04-23 00:00:00.000;2012-04-30 00:00:00.000;0;0;0;0;0;0;0;0;;
25309;44;;417;FBT;1899-12-30 08:30:00.000;1899-12-30 18:00:00.000;2012-04-24 00:00:00.000;2012-04-30 00:00:00.000;0;0;0;0;0;0;0;0;;
25749;123;;424;RME;1899-12-30 00:00:00.000;1899-12-30 18:00:00.000;2012-05-01 00:00:00.000;2012-05-03 00:00:00.000;0;0;0;0;0;0;0;0;;
25751;172;;474;BPT;1899-12-30 00:00:00.000;1899-12-30 00:00:00.000;2012-05-01 00:00:00.000;2012-05-19 00:00:00.000;0;0;0;0;0;0;0;0;;
25688;172;;284;MCL;1899-12-30 00:00:00.000;1899-12-30 17:45:00.000;2012-05-01 00:00:00.000;2012-05-02 00:00:00.000;0;0;0;0;0;0;0;0;;
25722;44;;417;FBT;1899-12-30 00:00:00.000;1899-12-30 00:00:00.000;2012-05-01 00:00:00.000;2012-05-01 00:00:00.000;0;0;0;0;0;0;0;NULL;;
25726;69;;27;CFN;1899-12-30 00:00:00.000;1899-12-30 17:00:00.000;2012-05-01 00:00:00.000;2012-05-31 00:00:00.000;0;0;0;0;0;0;0;0;;
25735;172;;578;BEFN;1899-12-30 00:00:00.000;1899-12-30 00:00:00.000;2012-05-01 00:00:00.000;2012-05-20 00:00:00.000;0;0;0;0;0;0;0;0;;
25738;69;;146;TAN;1899-12-30 00:00:00.000;1899-12-30 17:00:00.000;2012-05-01 00:00:00.000;2012-05-31 00:00:00.000;0;0;0;0;0;0;0;0;;
25414;44;;417;FBT;1899-12-30 08:30:00.000;1899-12-30 00:00:00.000;2012-05-02 00:00:00.000;2012-05-05 00:00:00.000;0;0;0;0;0;0;0;0;;
25546;172;;284;MCL;1899-12-30 08:30:00.000;1899-12-30 17:45:00.000;2012-05-03 00:00:00.000;2012-05-21 00:00:00.000;0;0;0;0;0;0;0;0;;
25547;94;;103;CCT;1899-12-30 08:30:00.000;1899-12-30 18:00:00.000;2012-05-03 00:00:00.000;2012-05-03 00:00:00.000;0;0;0;0;0;0;0;24;;
25587;1;;623;NMR;1899-12-30 14:00:00.000;1899-12-30 17:30:00.000;2012-05-04 00:00:00.000;2012-05-04 00:00:00.000;1;0;0;0;0;0;0;0;;
25609;44;;417;FBT;1899-12-30 00:00:00.000;1899-12-30 00:00:00.000;2012-05-06 00:00:00.000;2012-05-20 00:00:00.000;0;0;0;0;0;0;0;0;;
25212;170;;424;RME;1899-12-30 08:30:00.000;1899-12-30 17:30:00.000;2012-05-09 00:00:00.000;2012-05-11 00:00:00.000;0;0;0;0;0;0;0;1;;
25648;3;;388;ITT;1899-12-30 08:30:00.000;1899-12-30 18:00:00.000;2012-05-09 00:00:00.000;2012-05-09 00:00:00.000;0;0;0;0;0;0;0;1;;
25631;3;;46;BTE;1899-12-30 08:00:00.000;1899-12-30 17:40:00.000;2012-05-10 00:00:00.000;2012-05-10 00:00:00.000;0;0;0;0;0;0;0;1;;
25607;172;;474;BPT;1899-12-30 00:00:00.000;1899-12-30 18:00:00.000;2012-05-20 00:00:00.000;2012-05-31 00:00:00.000;0;0;0;0;0;0;0;0;;
26045;44;;417;FBT;1899-12-30 08:30:00.000;1899-12-30 18:00:00.000;2012-05-21 00:00:00.000;2012-05-31 00:00:00.000;0;0;0;0;0;0;0;0;;
25951;172;;284;MCL;1899-12-30 08:30:00.000;1899-12-30 17:45:00.000;2012-05-22 00:00:00.000;2012-05-31 00:00:00.000;0;0;0;0;0;0;0;0;;
25789;94;;173;EBN;1899-12-30 13:55:00.000;1899-12-30 17:30:00.000;2012-05-25 00:00:00.000;2012-05-25 00:00:00.000;1;0;0;0;0;0;0;24;;
25970;1;;454;BMS;1899-12-30 08:30:00.000;1899-12-30 18:00:00.000;2012-05-25 00:00:00.000;2012-05-31 00:00:00.000;0;0;0;0;0;0;0;0;;
25984;172;;176;AMT;1899-12-30 08:30:00.000;1899-12-30 17:45:00.000;2012-05-29 00:00:00.000;2012-05-31 00:00:00.000;0;0;0;0;0;0;0;0;;
25982;1;;276;MBN;1899-12-30 09:00:00.000;1899-12-30 18:20:00.000;2012-05-29 00:00:00.000;2012-05-30 00:00:00.000;0;0;0;0;0;0;0;0;;
25952;172;;284;MCL;1899-12-30 08:30:00.000;1899-12-30 17:15:00.000;2012-06-01 00:00:00.000;2012-06-29 00:00:00.000;0;0;0;0;0;0;0;0;;
25739;69;;146;TAN;1899-12-30 08:00:00.000;1899-12-30 00:00:00.000;2012-06-01 00:00:00.000;2012-06-30 00:00:00.000;0;0;0;0;0;0;0;0;;
25727;69;;27;CFN;1899-12-30 08:00:00.000;1899-12-30 00:00:00.000;2012-06-01 00:00:00.000;2012-06-30 00:00:00.000;0;0;0;0;0;0;0;0;;
25971;1;;454;BMS;1899-12-30 08:30:00.000;1899-12-30 17:30:00.000;2012-06-01 00:00:00.000;2012-06-01 00:00:00.000;0;0;0;0;0;0;0;24;;
26036;172;;176;AMT;1899-12-30 08:30:00.000;1899-12-30 00:00:00.000;2012-06-01 00:00:00.000;2012-06-10 00:00:00.000;0;0;0;0;0;0;0;0;;
26038;172;;474;BPT;1899-12-30 08:30:00.000;1899-12-30 00:00:00.000;2012-06-01 00:00:00.000;2012-06-30 00:00:00.000;0;0;0;0;0;0;0;0;;
26145;1;;454;BMS;1899-12-30 00:00:00.000;1899-12-30 18:00:00.000;2012-06-02 00:00:00.000;2012-06-12 00:00:00.000;0;0;0;0;0;0;0;0;;
26052;1;;16;AEI;1899-12-30 08:30:00.000;1899-12-30 17:30:00.000;2012-06-04 00:00:00.000;2012-06-08 00:00:00.000;0;0;0;0;0;0;0;0;;
25605;79;;516;ATL;1899-12-30 08:15:00.000;1899-12-30 17:45:00.000;2012-06-04 00:00:00.000;2012-06-07 00:00:00.000;0;0;0;0;0;0;0;1;;
26109;1;;176;AMT;1899-12-30 08:30:00.000;1899-12-30 17:15:00.000;2012-06-11 00:00:00.000;2012-06-15 00:00:00.000;0;0;0;0;0;0;0;0;;
26117;94;;47;OFE;1899-12-30 08:00:00.000;1899-12-30 17:30:00.000;2012-06-13 00:00:00.000;2012-06-13 00:00:00.000;0;0;0;0;0;0;0;1;;
26136;3;;558;BLX;1899-12-30 08:00:00.000;1899-12-30 12:00:00.000;2012-06-14 00:00:00.000;2012-06-14 00:00:00.000;1;0;0;0;0;0;0;0;;
26155;79;;68;VCX;1899-12-30 08:15:00.000;1899-12-30 17:15:00.000;2012-06-15 00:00:00.000;2012-06-15 00:00:00.000;0;0;0;0;0;0;0;0;;
26223;172;;176;AMT;1899-12-30 00:00:00.000;1899-12-30 17:15:00.000;2012-06-16 00:00:00.000;2012-06-22 00:00:00.000;0;0;0;0;0;0;0;0;;
26156;79;;68;VCX;1899-12-30 08:15:00.000;1899-12-30 17:45:00.000;2012-06-18 00:00:00.000;2012-06-18 00:00:00.000;0;0;0;0;0;0;0;24;;
26157;3;;114;JVA;1899-12-30 08:30:00.000;1899-12-30 18:00:00.000;2012-06-19 00:00:00.000;2012-06-19 00:00:00.000;0;0;0;0;0;0;0;NULL;;
26056;79;;544;MABN;1899-12-30 08:15:00.000;1899-12-30 17:30:00.000;2012-06-20 00:00:00.000;2012-06-25 00:00:00.000;0;0;0;0;0;0;0;1;;
26249;172;;176;AMT;1899-12-30 00:00:00.000;1899-12-30 00:00:00.000;2012-06-23 00:00:00.000;2012-07-22 00:00:00.000;0;0;0;0;0;0;0;0;;
26273;1;;623;NMR;1899-12-30 08:30:00.000;1899-12-30 17:30:00.000;2012-06-26 00:00:00.000;2012-06-26 00:00:00.000;0;0;0;0;0;0;0;24;;
26414;172;;558;BLX;1899-12-30 08:00:00.000;1899-12-30 17:00:00.000;2012-06-28 00:00:00.000;2012-07-10 00:00:00.000;0;0;0;0;0;0;0;NULL;;
26345;172;;284;MCL;1899-12-30 00:00:00.000;1899-12-30 00:00:00.000;2012-06-30 00:00:00.000;2012-06-30 00:00:00.000;0;0;0;0;0;0;0;NULL;;
26346;172;;284;MCL;1899-12-30 00:00:00.000;1899-12-30 17:45:00.000;2012-07-01 00:00:00.000;2012-07-31 00:00:00.000;0;0;0;0;0;0;0;NULL;;
26039;172;;474;BPT;1899-12-30 00:00:00.000;1899-12-30 18:00:00.000;2012-07-01 00:00:00.000;2012-07-02 00:00:00.000;0;0;0;0;0;0;0;0;;
25728;69;;27;CFN;1899-12-30 00:00:00.000;1899-12-30 17:00:00.000;2012-07-01 00:00:00.000;2012-07-31 00:00:00.000;0;0;0;0;0;0;0;0;;
25740;69;;146;TAN;1899-12-30 00:00:00.000;1899-12-30 17:00:00.000;2012-07-01 00:00:00.000;2012-07-31 00:00:00.000;0;0;0;0;0;0;0;0;;
25405;166;;531;DRL;1899-12-30 08:30:00.000;1899-12-30 18:00:00.000;2012-07-02 00:00:00.000;2012-07-02 00:00:00.000;0;0;0;0;0;0;0;1;;
26446;170;;450;AGE;1899-12-30 08:30:00.000;1899-12-30 18:00:00.000;2012-07-02 00:00:00.000;2012-07-02 00:00:00.000;0;0;0;0;0;0;0;1;;
26454;172;;474;BPT;1899-12-30 08:30:00.000;1899-12-30 18:00:00.000;2012-07-03 00:00:00.000;2012-07-26 00:00:00.000;0;0;0;0;0;0;0;NULL;;
26413;170;;462;TVE;1899-12-30 08:30:00.000;1899-12-30 17:30:00.000;2012-07-04 00:00:00.000;2012-07-06 00:00:00.000;0;0;0;0;0;0;0;NULL;;
26443;170;;450;AGE;1899-12-30 08:30:00.000;1899-12-30 17:30:00.000;2012-07-06 00:00:00.000;2012-07-06 00:00:00.000;0;0;0;0;0;0;0;1;;
26513;1;;641;YDN;1899-12-30 08:30:00.000;1899-12-30 17:30:00.000;2012-07-06 00:00:00.000;2012-07-06 00:00:00.000;0;0;0;0;0;0;0;NULL;;
26437;170;;450;AGE;1899-12-30 08:30:00.000;1899-12-30 18:00:00.000;2012-07-09 00:00:00.000;2012-07-09 00:00:00.000;0;0;0;0;0;0;0;1;;
26496;1;;122;JCD;1899-12-30 08:30:00.000;1899-12-30 00:00:00.000;2012-07-09 00:00:00.000;2012-07-15 00:00:00.000;0;0;0;0;0;0;0;NULL;;
26444;123;;450;AGE;1899-12-30 08:30:00.000;1899-12-30 17:30:00.000;2012-07-10 00:00:00.000;2012-07-20 00:00:00.000;0;0;0;0;0;0;0;1;;
26510;1;;3;PRE;1899-12-30 08:30:00.000;1899-12-30 18:00:00.000;2012-07-11 00:00:00.000;2012-07-18 00:00:00.000;0;0;0;0;0;0;0;NULL;;
26002;170;;575;NSN;1899-12-30 08:30:00.000;1899-12-30 18:00:00.000;2012-07-19 00:00:00.000;2012-07-19 00:00:00.000;0;0;0;0;0;0;0;NULL;;
26001;170;;575;NSN;1899-12-30 08:30:00.000;1899-12-30 17:30:00.000;2012-07-20 00:00:00.000;2012-07-20 00:00:00.000;0;0;0;0;0;0;0;NULL;;
26542;166;;415;SVT;1899-12-30 13:55:00.000;1899-12-30 17:30:00.000;2012-07-20 00:00:00.000;2012-07-20 00:00:00.000;1;0;0;0;0;0;0;1;;
26650;3;;256;RELE;1899-12-30 08:30:00.000;1899-12-30 17:30:00.000;2012-07-20 00:00:00.000;2012-07-20 00:00:00.000;0;0;0;0;0;0;0;NULL;;
26511;172;;176;AMT;1899-12-30 08:30:00.000;1899-12-30 17:45:00.000;2012-07-23 00:00:00.000;2012-07-31 00:00:00.000;0;0;0;0;0;0;0;NULL;;
26000;170;;575;NSN;1899-12-30 08:30:00.000;1899-12-30 18:00:00.000;2012-07-23 00:00:00.000;2012-07-23 00:00:00.000;0;0;0;0;0;0;0;NULL;;
25999;123;;575;NSN;1899-12-30 08:30:00.000;1899-12-30 17:30:00.000;2012-07-24 00:00:00.000;2012-08-03 00:00:00.000;0;0;0;0;0;0;0;0;;
26844;3;;46;BTE;1899-12-30 14:00:00.000;1899-12-30 17:40:00.000;2012-07-24 00:00:00.000;2012-07-24 00:00:00.000;1;0;0;0;0;0;0;1;;
26311;123;;462;TVE;1899-12-30 08:30:00.000;1899-12-30 18:00:00.000;2012-07-30 00:00:00.000;2012-08-09 00:00:00.000;0;0;0;0;0;0;0;1;;
26347;172;;284;MCL;1899-12-30 08:30:00.000;1899-12-30 17:15:00.000;2012-08-01 00:00:00.000;2012-08-24 00:00:00.000;0;0;0;0;0;0;0;NULL;;
26512;172;;176;AMT;1899-12-30 08:30:00.000;1899-12-30 17:45:00.000;2012-08-01 00:00:00.000;2012-08-20 00:00:00.000;0;0;0;0;0;0;0;NULL;;
26849;94;;454;BMS;1899-12-30 08:30:00.000;1899-12-30 18:00:00.000;2012-08-01 00:00:00.000;2012-08-01 00:00:00.000;0;0;0;0;0;0;0;1;;
25741;69;;146;TAN;1899-12-30 08:00:00.000;1899-12-30 17:00:00.000;2012-08-01 00:00:00.000;2012-08-31 00:00:00.000;0;0;0;0;0;0;0;0;;
25729;69;;27;CFN;1899-12-30 08:00:00.000;1899-12-30 17:00:00.000;2012-08-01 00:00:00.000;2012-08-31 00:00:00.000;0;0;0;0;0;0;0;0;;
26526;79;;68;VCX;1899-12-30 08:15:00.000;1899-12-30 17:15:00.000;2012-08-02 00:00:00.000;2012-08-03 00:00:00.000;0;0;0;0;0;0;0;1;;
26922;1;;642;TSR;1899-12-30 08:30:00.000;1899-12-30 18:00:00.000;2012-08-06 00:00:00.000;2012-08-07 00:00:00.000;0;0;0;0;0;0;0;NULL;;
26928;170;;123;LDX;1899-12-30 08:30:00.000;1899-12-30 17:30:00.000;2012-08-08 00:00:00.000;2012-08-10 00:00:00.000;0;0;0;0;0;0;0;NULL;;
26123;79;;637;NASN;1899-12-30 08:15:00.000;1899-12-30 17:15:00.000;2012-08-13 00:00:00.000;2012-08-17 00:00:00.000;0;0;0;0;0;0;0;NULL;;
26949;172;;81;DCD;1899-12-30 08:30:00.000;1899-12-30 00:00:00.000;2012-08-20 00:00:00.000;2012-09-02 00:00:00.000;0;0;0;0;0;0;0;NULL;;
26556;123;;473;LAJ;1899-12-30 08:30:00.000;1899-12-30 18:00:00.000;2012-08-20 00:00:00.000;2012-08-30 00:00:00.000;0;0;0;0;0;0;0;1;;
26968;172;;176;AMT;1899-12-30 08:30:00.000;1899-12-30 00:00:00.000;2012-08-21 00:00:00.000;2012-09-01 00:00:00.000;0;0;0;0;0;0;0;NULL;;
26134;123;;123;LDX;1899-12-30 08:30:00.000;1899-12-30 18:00:00.000;2012-08-27 00:00:00.000;2012-09-06 00:00:00.000;0;0;0;0;0;0;0;1;;
27002;170;;473;LAJ;1899-12-30 08:30:00.000;1899-12-30 18:00:00.000;2012-08-31 00:00:00.000;2012-09-04 00:00:00.000;0;0;0;0;0;0;0;NULL;;
25730;69;;27;CFN;1899-12-30 00:00:00.000;1899-12-30 00:00:00.000;2012-09-01 00:00:00.000;2012-09-30 00:00:00.000;0;0;0;0;0;0;0;0;;
25742;69;;146;TAN;1899-12-30 00:00:00.000;1899-12-30 00:00:00.000;2012-09-01 00:00:00.000;2012-09-30 00:00:00.000;0;0;0;0;0;0;0;0;;
27084;176;;176;AMT;1899-12-30 00:00:00.000;1899-12-30 00:00:00.000;2012-09-02 00:00:00.000;2012-09-15 00:00:00.000;0;0;0;0;0;0;0;NULL;;
26980;3;;408;CGS;1899-12-30 08:30:00.000;1899-12-30 18:00:00.000;2012-09-05 00:00:00.000;2012-09-05 00:00:00.000;0;0;0;0;0;0;0;1;;
27107;172;;39;JBA;1899-12-30 00:00:00.000;1899-12-30 17:45:00.000;2012-09-08 00:00:00.000;2012-09-13 00:00:00.000;0;0;0;0;0;0;0;NULL;;
27069;94;;81;DCD;1899-12-30 08:03:00.000;1899-12-30 18:00:00.000;2012-09-10 00:00:00.000;2012-09-11 00:00:00.000;0;0;0;0;0;0;0;1;;
27410;3;;79;FBA;1899-12-30 08:30:00.000;1899-12-30 18:00:00.000;2012-09-13 00:00:00.000;2012-09-13 00:00:00.000;0;0;0;0;0;0;0;NULL;;
27133;3;;54;AFY;1899-12-30 13:55:00.000;1899-12-30 17:45:00.000;2012-09-13 00:00:00.000;2012-09-13 00:00:00.000;1;0;0;0;0;0;0;NULL;;
27134;172;;39;JBA;1899-12-30 08:30:00.000;1899-12-30 00:00:00.000;2012-09-14 00:00:00.000;2012-09-30 00:00:00.000;0;0;0;0;0;0;0;NULL;;
27104;170;;138;NAE;1899-12-30 08:30:00.000;1899-12-30 17:30:00.000;2012-09-14 00:00:00.000;2012-09-14 00:00:00.000;0;0;0;0;0;0;0;1;;
26286;42;;176;AMT;1899-12-30 00:00:00.000;1899-12-30 00:00:00.000;2012-09-16 00:00:00.000;2012-09-30 00:00:00.000;0;0;0;0;0;0;0;0;;
27154;1;;248;KBN;1899-12-30 08:30:00.000;1899-12-30 17:30:00.000;2012-09-18 00:00:00.000;2012-09-21 00:00:00.000;0;0;0;0;0;0;0;NULL;;
27160;170;;469;YJN;1899-12-30 08:15:00.000;1899-12-30 17:00:00.000;2012-09-19 00:00:00.000;2012-09-21 00:00:00.000;0;0;0;0;0;0;0;NULL;;
27159;1;;590;ATY;1899-12-30 08:30:00.000;1899-12-30 18:00:00.000;2012-09-19 00:00:00.000;2012-09-20 00:00:00.000;0;0;0;0;0;0;0;NULL;;
27153;3;;122;JCD;1899-12-30 08:30:00.000;1899-12-30 18:00:00.000;2012-09-20 00:00:00.000;2012-09-20 00:00:00.000;0;0;0;0;0;0;0;1;;
27272;94;;563;YND;1899-12-30 08:00:00.000;1899-12-30 17:00:00.000;2012-09-20 00:00:00.000;2012-09-20 00:00:00.000;0;0;0;0;0;0;0;NULL;;
27143;170;;138;NAE;1899-12-30 08:30:00.000;1899-12-30 17:30:00.000;2012-09-21 00:00:00.000;2012-09-21 00:00:00.000;0;0;0;0;0;0;0;1;;
27277;166;;421;BFN;1899-12-30 08:30:00.000;1899-12-30 17:30:00.000;2012-09-21 00:00:00.000;2012-09-21 00:00:00.000;0;0;0;0;0;0;0;1;;
27275;1;;248;KBN;1899-12-30 00:00:00.000;1899-12-30 17:30:00.000;2012-09-22 00:00:00.000;2012-09-28 00:00:00.000;0;0;0;0;0;0;0;NULL;;
27293;1;;119;RML;1899-12-30 08:30:00.000;1899-12-30 18:00:00.000;2012-09-24 00:00:00.000;2012-09-24 00:00:00.000;0;0;0;0;0;0;0;NULL;;
27370;1;;52;VAT;1899-12-30 14:00:00.000;1899-12-30 17:00:00.000;2012-09-26 00:00:00.000;2012-10-05 00:00:00.000;1;0;0;0;0;0;0;NULL;;
27369;1;;499;SAD;1899-12-30 08:30:00.000;1899-12-30 00:00:00.000;2012-09-27 00:00:00.000;2012-09-30 00:00:00.000;0;0;0;0;0;0;0;NULL;;
27144;170;;138;NAE;1899-12-30 08:30:00.000;1899-12-30 17:30:00.000;2012-09-28 00:00:00.000;2012-09-28 00:00:00.000;0;0;0;0;0;0;0;1;;
27269;123;;469;YJN;1899-12-30 08:15:00.000;1899-12-30 17:30:00.000;2012-10-01 00:00:00.000;2012-10-11 00:00:00.000;0;0;0;0;0;0;0;1;;
27409;1;;123;LDX;1899-12-30 08:30:00.000;1899-12-30 18:00:00.000;2012-10-01 00:00:00.000;2012-10-02 00:00:00.000;0;0;0;0;0;0;0;NULL;;
26287;42;;176;AMT;1899-12-30 08:30:00.000;1899-12-30 17:45:00.000;2012-10-01 00:00:00.000;2012-10-31 00:00:00.000;0;0;0;0;0;0;0;0;;
25743;69;;146;TAN;1899-12-30 08:00:00.000;1899-12-30 17:00:00.000;2012-10-01 00:00:00.000;2012-10-31 00:00:00.000;0;0;0;0;0;0;0;0;;
25731;69;;27;CFN;1899-12-30 08:00:00.000;1899-12-30 17:00:00.000;2012-10-01 00:00:00.000;2012-10-31 00:00:00.000;0;0;0;0;0;0;0;0;;
27470;172;;489;CSA;1899-12-30 08:00:00.000;1899-12-30 00:00:00.000;2012-10-05 00:00:00.000;2012-10-07 00:00:00.000;0;0;0;0;0;0;0;NULL;;
27471;172;;489;CSA;1899-12-30 08:00:00.000;1899-12-30 17:30:00.000;2012-10-08 00:00:00.000;2012-12-05 00:00:00.000;0;0;0;0;0;0;0;NULL;;
27441;3;;50;CGN;1899-12-30 08:15:00.000;1899-12-30 17:45:00.000;2012-10-08 00:00:00.000;2012-10-08 00:00:00.000;0;0;0;0;0;0;0;NULL;;
27599;1;;663;FSL;1899-12-30 08:00:00.000;1899-12-30 17:30:00.000;2012-10-09 00:00:00.000;2012-10-10 00:00:00.000;0;0;0;0;0;0;0;NULL;;
27435;94;;607;FST;1899-12-30 08:30:00.000;1899-12-30 18:00:00.000;2012-10-09 00:00:00.000;2012-10-09 00:00:00.000;0;0;0;0;0;0;0;1;;
27469;1;;46;BTE;1899-12-30 08:00:00.000;1899-12-30 00:00:00.000;2012-10-10 00:00:00.000;2012-10-14 00:00:00.000;0;0;0;0;0;0;0;NULL;;
27601;1;;663;FSL;1899-12-30 08:00:00.000;1899-12-30 00:00:00.000;2012-10-11 00:00:00.000;2012-10-14 00:00:00.000;0;0;0;0;0;0;0;NULL;;
27637;1;;517;JBS;1899-12-30 08:30:00.000;1899-12-30 17:30:00.000;2012-10-15 00:00:00.000;2012-10-19 00:00:00.000;0;0;0;0;0;0;0;NULL;;
27509;123;;221;SBH;1899-12-30 08:30:00.000;1899-12-30 18:00:00.000;2012-10-15 00:00:00.000;2012-10-25 00:00:00.000;0;0;0;0;0;0;0;NULL;;
27548;3;;50;CGN;1899-12-30 08:15:00.000;1899-12-30 17:45:00.000;2012-10-15 00:00:00.000;2012-10-15 00:00:00.000;0;0;0;0;0;0;0;NULL;;
27547;1;;28;SRZ;1899-12-30 08:00:00.000;1899-12-30 17:00:00.000;2012-10-15 00:00:00.000;2012-10-19 00:00:00.000;0;0;0;0;0;0;0;NULL;;
27550;172;;46;BTE;1899-12-30 08:00:00.000;1899-12-30 00:00:00.000;2012-10-15 00:00:00.000;2012-10-21 00:00:00.000;0;0;0;0;0;0;0;NULL;;
27534;166;;161;BPS;1899-12-30 13:55:00.000;1899-12-30 12:05:00.000;2012-10-19 00:00:00.000;2012-10-22 00:00:00.000;1;1;0;0;0;0;0;NULL;;
27602;3;;116;SRE;1899-12-30 08:30:00.000;1899-12-30 12:05:00.000;2012-10-22 00:00:00.000;2012-10-22 00:00:00.000;1;0;0;0;0;0;0;NULL;;
27881;1;;28;SRZ;1899-12-30 08:00:00.000;1899-12-30 17:00:00.000;2012-10-22 00:00:00.000;2012-10-31 00:00:00.000;0;0;0;0;0;0;0;NULL;;
27727;1;;590;ATY;1899-12-30 08:30:00.000;1899-12-30 17:30:00.000;2012-10-24 00:00:00.000;2012-10-26 00:00:00.000;0;0;0;0;0;0;0;NULL;;
27510;170;;221;SBH;1899-12-30 08:30:00.000;1899-12-30 18:00:00.000;2012-10-26 00:00:00.000;2012-10-30 00:00:00.000;0;0;0;0;0;0;0;NULL;;
27676;94;;71;RLE;1899-12-30 08:30:00.000;1899-12-30 17:30:00.000;2012-10-26 00:00:00.000;2012-10-26 00:00:00.000;0;0;0;0;0;0;0;1;;
27906;1;;79;FBA;1899-12-30 08:30:00.000;1899-12-30 17:30:00.000;2012-10-29 00:00:00.000;2012-11-02 00:00:00.000;0;0;0;0;0;0;0;NULL;;
27803;1;;558;BLX;1899-12-30 08:00:00.000;1899-12-30 17:00:00.000;2012-10-29 00:00:00.000;2012-10-31 00:00:00.000;0;0;0;0;0;0;0;NULL;;
27904;172;;28;SRZ;1899-12-30 00:00:00.000;1899-12-30 00:00:00.000;2012-11-01 00:00:00.000;2012-12-09 00:00:00.000;0;0;0;0;0;0;0;NULL;;
27804;1;;558;BLX;1899-12-30 00:00:00.000;1899-12-30 00:00:00.000;2012-11-01 00:00:00.000;2012-11-04 00:00:00.000;0;0;0;0;0;0;0;NULL;;
25732;69;;27;CFN;1899-12-30 00:00:00.000;1899-12-30 17:00:00.000;2012-11-01 00:00:00.000;2012-11-30 00:00:00.000;0;0;0;0;0;0;0;0;;
25744;69;;146;TAN;1899-12-30 00:00:00.000;1899-12-30 17:00:00.000;2012-11-01 00:00:00.000;2012-11-30 00:00:00.000;0;0;0;0;0;0;0;0;;
26288;42;;176;AMT;1899-12-30 00:00:00.000;1899-12-30 17:15:00.000;2012-11-01 00:00:00.000;2012-11-30 00:00:00.000;0;0;0;0;0;0;0;0;;
27440;166;;365;JFD;1899-12-30 08:30:00.000;1899-12-30 17:30:00.000;2012-11-02 00:00:00.000;2012-11-02 00:00:00.000;0;0;0;0;0;0;0;1;;
27873;170;;265;AIZ;1899-12-30 08:00:00.000;1899-12-30 18:00:00.000;2012-11-05 00:00:00.000;2012-11-07 00:00:00.000;0;0;0;0;0;0;0;1;;
27927;44;;619;NBY;1899-12-30 13:55:00.000;1899-12-30 00:00:00.000;2012-11-07 00:00:00.000;2012-11-11 00:00:00.000;1;0;0;0;0;0;0;NULL;;
28005;1;;421;BFN;1899-12-30 08:30:00.000;1899-12-30 17:30:00.000;2012-11-07 00:00:00.000;2012-11-09 00:00:00.000;0;0;0;0;0;0;0;NULL;;
27610;3;;78;MRT;1899-12-30 08:30:00.000;1899-12-30 18:00:00.000;2012-11-08 00:00:00.000;2012-11-08 00:00:00.000;0;0;0;0;0;0;0;1;;
27874;123;;265;AIZ;1899-12-30 08:00:00.000;1899-12-30 18:00:00.000;2012-11-08 00:00:00.000;2012-11-18 00:00:00.000;0;0;0;0;0;0;0;1;;
28006;1;;421;BFN;1899-12-30 00:00:00.000;1899-12-30 17:30:00.000;2012-11-10 00:00:00.000;2012-11-16 00:00:00.000;0;0;0;0;0;0;0;NULL;;
27991;162;;655;MVR;1899-12-30 13:55:00.000;1899-12-30 17:45:00.000;2012-11-13 00:00:00.000;2012-11-20 00:00:00.000;1;0;0;0;0;0;0;NULL;;
27980;1;;117;LMN;1899-12-30 08:30:00.000;1899-12-30 17:15:00.000;2012-11-13 00:00:00.000;2012-11-16 00:00:00.000;0;0;0;0;0;0;0;NULL;;
28034;172;;117;LMN;1899-12-30 00:00:00.000;1899-12-30 17:15:00.000;2012-11-17 00:00:00.000;2012-11-23 00:00:00.000;0;0;0;0;0;0;0;NULL;;
28033;3;;54;AFY;1899-12-30 08:15:00.000;1899-12-30 17:25:00.000;2012-11-19 00:00:00.000;2012-11-19 00:00:00.000;0;0;0;0;0;0;0;NULL;;
28015;3;;438;YLE;1899-12-30 08:30:00.000;1899-12-30 18:00:00.000;2012-11-20 00:00:00.000;2012-11-20 00:00:00.000;0;0;0;0;0;0;0;1;;
28128;1;;678;FRBT;1899-12-30 08:30:00.000;1899-12-30 18:00:00.000;2012-11-26 00:00:00.000;2012-11-29 00:00:00.000;0;0;0;0;0;0;0;NULL;;
28151;3;;46;BTE;1899-12-30 08:00:00.000;1899-12-30 12:15:00.000;2012-11-26 00:00:00.000;2012-11-26 00:00:00.000;1;0;0;0;0;0;0;NULL;;
27294;42;;67;NDC;1899-12-30 08:30:00.000;1899-12-30 18:00:00.000;2012-11-29 00:00:00.000;2013-03-20 00:00:00.000;0;0;0;0;0;0;0;NULL;;
28276;172;;47;OFE;1899-12-30 08:00:00.000;1899-12-30 17:30:00.000;2012-11-30 00:00:00.000;2012-12-04 00:00:00.000;0;0;0;0;0;0;0;NULL;;
28162;3;;228;FTT;1899-12-30 08:30:00.000;1899-12-30 17:30:00.000;2012-11-30 00:00:00.000;2012-11-30 00:00:00.000;0;0;0;0;0;0;0;NULL;;
28204;176;;516;ATL;1899-12-30 00:00:00.000;1899-12-30 17:15:00.000;2012-12-01 00:00:00.000;2012-12-14 00:00:00.000;0;0;0;0;0;0;0;NULL;;
26289;42;;176;AMT;1899-12-30 00:00:00.000;1899-12-30 17:45:00.000;2012-12-01 00:00:00.000;2012-12-31 00:00:00.000;0;0;0;0;0;0;0;0;;
25745;69;;146;TAN;1899-12-30 00:00:00.000;1899-12-30 17:00:00.000;2012-12-01 00:00:00.000;2012-12-31 00:00:00.000;0;0;0;0;0;0;0;0;;
25733;69;;27;CFN;1899-12-30 00:00:00.000;1899-12-30 00:00:00.000;2012-12-01 00:00:00.000;2012-12-08 00:00:00.000;0;0;0;0;0;0;0;0;;
28234;3;;24;SFR;1899-12-30 08:30:00.000;1899-12-30 18:00:00.000;2012-12-03 00:00:00.000;2012-12-03 00:00:00.000;0;0;0;0;0;0;0;NULL;;
28266;170;;600;FCT;1899-12-30 08:30:00.000;1899-12-30 18:30:00.000;2012-12-04 00:00:00.000;2012-12-06 00:00:00.000;0;0;0;0;0;0;0;NULL;;
28277;172;;47;OFE;1899-12-30 08:00:00.000;1899-12-30 17:30:00.000;2012-12-05 00:00:00.000;2012-12-11 00:00:00.000;0;0;0;0;0;0;0;NULL;;
28279;172;;489;CSA;1899-12-30 08:00:00.000;1899-12-30 00:00:00.000;2012-12-06 00:00:00.000;2013-01-01 00:00:00.000;0;0;0;0;0;0;0;NULL;;
28253;69;;27;CFN;1899-12-30 00:00:00.000;1899-12-30 17:00:00.000;2012-12-09 00:00:00.000;2012-12-31 00:00:00.000;0;0;0;0;0;0;0;NULL;;
28402;1;;104;CBT;1899-12-30 00:00:00.000;1899-12-30 18:00:00.000;2012-12-09 00:00:00.000;2012-12-12 00:00:00.000;0;0;0;0;0;0;0;NULL;;
28401;3;ENFANT MALADE  ;57;SRL;1899-12-30 08:30:00.000;1899-12-30 18:00:00.000;2012-12-10 00:00:00.000;2012-12-10 00:00:00.000;0;0;0;0;0;0;0;1;;
28101;172;;28;SRZ;1899-12-30 08:00:00.000;1899-12-30 17:00:00.000;2012-12-10 00:00:00.000;2012-12-31 00:00:00.000;0;0;0;0;0;0;0;NULL;;
28403;1;;610;CDG;1899-12-30 08:30:00.000;1899-12-30 18:00:00.000;2012-12-11 00:00:00.000;2012-12-13 00:00:00.000;0;0;0;0;0;0;0;NULL;;
28430;3;;151;ABT;1899-12-30 08:30:00.000;1899-12-30 18:00:00.000;2012-12-11 00:00:00.000;2012-12-11 00:00:00.000;0;0;0;0;0;0;0;1;;
28449;1;;561;ALMT;1899-12-30 08:00:00.000;1899-12-30 17:00:00.000;2012-12-11 00:00:00.000;2012-12-13 00:00:00.000;0;0;0;0;0;0;0;NULL;;
27003;42;;516;ATL;1899-12-30 00:00:00.000;1899-12-30 17:45:00.000;2012-12-15 00:00:00.000;2012-12-31 00:00:00.000;0;0;0;0;0;0;0;NULL;;
28558;44;;270;DRO;1899-12-30 00:00:00.000;1899-12-30 00:00:00.000;2012-12-15 00:00:00.000;2012-12-29 00:00:00.000;0;0;0;0;0;0;0;NULL;;
28651;1;;499;SAD;1899-12-30 08:30:00.000;1899-12-30 16:30:00.000;2012-12-17 00:00:00.000;2012-12-21 00:00:00.000;0;0;0;0;0;0;0;NULL;;
28636;1;;421;BFN;1899-12-30 08:30:00.000;1899-12-30 18:00:00.000;2012-12-17 00:00:00.000;2012-12-19 00:00:00.000;0;0;0;0;0;0;0;NULL;;
28724;3;;558;BLX;1899-12-30 08:00:00.000;1899-12-30 17:00:00.000;2012-12-21 00:00:00.000;2012-12-21 00:00:00.000;0;0;0;0;0;0;0;NULL;;
28018;166;;372;SMN;1899-12-30 08:30:00.000;1899-12-30 18:00:00.000;2012-12-24 00:00:00.000;2012-12-24 00:00:00.000;0;0;0;0;0;0;0;1;;
28283;123;;600;FCT;1899-12-30 08:30:00.000;1899-12-30 00:00:00.000;2012-12-26 00:00:00.000;2013-01-05 00:00:00.000;0;0;0;0;0;0;0;1;;
28774;172;;107;JDS;1899-12-30 08:30:00.000;1899-12-30 00:00:00.000;2012-12-27 00:00:00.000;2013-01-06 00:00:00.000;0;0;0;0;0;0;0;NULL;;
27004;42;;516;ATL;1899-12-30 00:00:00.000;1899-12-30 17:45:00.000;2013-01-01 00:00:00.000;2013-01-31 00:00:00.000;0;0;0;0;0;0;0;NULL;;
29306;172;;699;HBX;1899-12-30 00:00:00.000;1899-12-30 17:00:00.000;2013-01-01 00:00:00.000;2013-02-15 00:00:00.000;0;0;0;0;0;0;0;NULL;;
28254;69;;27;CFN;1899-12-30 00:00:00.000;1899-12-30 17:00:00.000;2013-01-01 00:00:00.000;2013-01-31 00:00:00.000;0;0;0;0;0;0;0;NULL;;
25746;69;;146;TAN;1899-12-30 00:00:00.000;1899-12-30 17:00:00.000;2013-01-01 00:00:00.000;2013-01-31 00:00:00.000;0;0;0;0;0;0;0;0;;
26290;42;;176;AMT;1899-12-30 00:00:00.000;1899-12-30 00:00:00.000;2013-01-01 00:00:00.000;2013-01-05 00:00:00.000;0;0;0;0;0;0;0;0;;
28788;1;;365;JFD;1899-12-30 08:30:00.000;1899-12-30 18:00:00.000;2013-01-02 00:00:00.000;2013-01-02 00:00:00.000;0;0;0;0;0;0;0;NULL;;
28864;3;;350;CBS;1899-12-30 08:30:00.000;1899-12-30 18:00:00.000;2013-01-03 00:00:00.000;2013-01-03 00:00:00.000;0;0;0;0;0;0;0;NULL;;
28817;170;;35;CCY;1899-12-30 08:30:00.000;1899-12-30 18:00:00.000;2013-01-03 00:00:00.000;2013-01-07 00:00:00.000;0;0;0;0;0;0;0;NULL;;
28828;1;;623;NMR;1899-12-30 08:30:00.000;1899-12-30 17:30:00.000;2013-01-03 00:00:00.000;2013-01-04 00:00:00.000;0;0;0;0;0;0;0;NULL;;
28318;166;;248;KBN;1899-12-30 08:30:00.000;1899-12-30 17:30:00.000;2013-01-04 00:00:00.000;2013-01-04 00:00:00.000;0;0;0;0;0;0;0;1;;
28824;1;;71;RLE;1899-12-30 00:00:00.000;1899-12-30 00:00:00.000;2013-01-05 00:00:00.000;2013-01-13 00:00:00.000;0;0;0;0;0;0;0;NULL;;
28907;1;;561;ALMT;1899-12-30 08:00:00.000;1899-12-30 17:00:00.000;2013-01-07 00:00:00.000;2013-01-09 00:00:00.000;0;0;0;0;0;0;0;NULL;;
28879;1;;670;MPN;1899-12-30 08:30:00.000;1899-12-30 17:30:00.000;2013-01-07 00:00:00.000;2013-01-11 00:00:00.000;0;0;0;0;0;0;0;NULL;;
28880;172;;517;JBS;1899-12-30 08:30:00.000;1899-12-30 18:00:00.000;2013-01-07 00:00:00.000;2013-01-31 00:00:00.000;0;0;0;0;0;0;0;NULL;;
28901;1;;534;YVL;1899-12-30 08:30:00.000;1899-12-30 17:30:00.000;2013-01-07 00:00:00.000;2013-01-11 00:00:00.000;0;0;0;0;0;0;0;NULL;;
29009;1;;451;JVIA;1899-12-30 08:30:00.000;1899-12-30 17:30:00.000;2013-01-08 00:00:00.000;2013-01-11 00:00:00.000;0;0;0;0;0;0;0;NULL;;
29032;1;;450;AGE;1899-12-30 08:30:00.000;1899-12-30 18:00:00.000;2013-01-08 00:00:00.000;2013-01-08 00:00:00.000;0;0;0;0;0;0;0;NULL;;
28818;123;;35;CCY;1899-12-30 08:30:00.000;1899-12-30 17:30:00.000;2013-01-08 00:00:00.000;2013-01-18 00:00:00.000;0;0;0;0;0;0;0;NULL;;
28906;170;;205;CLLE;1899-12-30 08:30:00.000;1899-12-30 18:00:00.000;2013-01-09 00:00:00.000;2013-01-11 00:00:00.000;0;0;0;0;0;0;0;1;;
29034;1;;84;CFI;1899-12-30 08:30:00.000;1899-12-30 17:30:00.000;2013-01-10 00:00:00.000;2013-01-11 00:00:00.000;0;0;0;0;0;0;0;NULL;;
28978;1;;561;ALMT;1899-12-30 08:00:00.000;1899-12-30 00:00:00.000;2013-01-10 00:00:00.000;2013-01-13 00:00:00.000;0;0;0;0;0;0;0;NULL;;
28984;123;;205;CLLE;1899-12-30 08:30:00.000;1899-12-30 18:00:00.000;2013-01-14 00:00:00.000;2013-01-24 00:00:00.000;0;0;0;0;0;0;0;1;;
28997;3;;409;NCK;1899-12-30 08:00:00.000;1899-12-30 17:45:00.000;2013-01-15 00:00:00.000;2013-01-15 00:00:00.000;0;0;0;0;0;0;0;1;;
29007;1;;578;BEFN;1899-12-30 08:30:00.000;1899-12-30 00:00:00.000;2013-01-15 00:00:00.000;2013-01-20 00:00:00.000;0;0;0;0;0;0;0;NULL;;
29008;1;;41;PFE;1899-12-30 08:15:00.000;1899-12-30 17:35:00.000;2013-01-15 00:00:00.000;2013-01-18 00:00:00.000;0;0;0;0;0;0;0;NULL;;
29014;3;;63;BBT;1899-12-30 08:15:00.000;1899-12-30 18:00:00.000;2013-01-17 00:00:00.000;2013-01-17 00:00:00.000;0;0;0;0;0;0;0;1;;
29033;1;;590;ATY;1899-12-30 00:00:00.000;1899-12-30 18:00:00.000;2013-01-19 00:00:00.000;2013-02-04 00:00:00.000;0;0;0;0;0;0;0;NULL;;
29135;1;;663;FSL;1899-12-30 08:00:00.000;1899-12-30 17:30:00.000;2013-01-21 00:00:00.000;2013-01-21 00:00:00.000;0;0;0;0;0;0;0;NULL;;
29136;1;;663;FSL;1899-12-30 08:00:00.000;1899-12-30 17:30:00.000;2013-01-22 00:00:00.000;2013-01-25 00:00:00.000;0;0;0;0;0;0;0;NULL;;
29156;1;;134;CLR;1899-12-30 08:15:00.000;1899-12-30 17:45:00.000;2013-01-28 00:00:00.000;2013-01-28 00:00:00.000;0;0;0;0;0;0;0;NULL;;
29217;3;;79;FBA;1899-12-30 08:30:00.000;1899-12-30 18:00:00.000;2013-01-28 00:00:00.000;2013-01-28 00:00:00.000;0;0;0;0;0;0;0;NULL;;
29218;1;;296;BVI;1899-12-30 08:30:00.000;1899-12-30 18:00:00.000;2013-01-28 00:00:00.000;2013-01-30 00:00:00.000;0;0;0;0;0;0;0;NULL;;
29257;1;;530;CRL;1899-12-30 13:55:00.000;1899-12-30 17:15:00.000;2013-01-28 00:00:00.000;2013-02-01 00:00:00.000;1;0;0;0;0;0;0;NULL;;
29236;1;;663;FSL;1899-12-30 08:00:00.000;1899-12-30 17:30:00.000;2013-01-28 00:00:00.000;2013-02-01 00:00:00.000;0;0;0;0;0;0;0;NULL;;
29216;3;;46;BTE;1899-12-30 08:00:00.000;1899-12-30 17:40:00.000;2013-01-28 00:00:00.000;2013-01-28 00:00:00.000;0;0;0;0;0;0;0;NULL;;
29263;1;;86;FFO;1899-12-30 08:30:00.000;1899-12-30 17:30:00.000;2013-01-31 00:00:00.000;2013-02-01 00:00:00.000;0;0;0;0;0;0;0;NULL;;
29043;166;;50;CGN;1899-12-30 08:15:00.000;1899-12-30 17:15:00.000;2013-02-01 00:00:00.000;2013-02-01 00:00:00.000;0;0;0;0;0;0;0;1;;
29233;1;;610;CDG;1899-12-30 08:30:00.000;1899-12-30 18:00:00.000;2013-02-01 00:00:00.000;2013-02-06 00:00:00.000;0;0;0;0;0;0;0;NULL;;
27005;42;;516;ATL;1899-12-30 08:15:00.000;1899-12-30 17:45:00.000;2013-02-01 00:00:00.000;2013-02-28 00:00:00.000;0;0;0;0;0;0;0;NULL;;
29458;172;;517;JBS;1899-12-30 08:30:00.000;1899-12-30 00:00:00.000;2013-02-01 00:00:00.000;2013-02-10 00:00:00.000;0;0;0;0;0;0;0;NULL;;
28255;69;;27;CFN;1899-12-30 08:00:00.000;1899-12-30 17:00:00.000;2013-02-01 00:00:00.000;2013-02-28 00:00:00.000;0;0;0;0;0;0;0;NULL;;
25747;69;;146;TAN;1899-12-30 08:00:00.000;1899-12-30 17:00:00.000;2013-02-01 00:00:00.000;2013-02-28 00:00:00.000;0;0;0;0;0;0;0;0;;
29408;94;;422;CAJN;1899-12-30 09:00:00.000;1899-12-30 17:30:00.000;2013-02-04 00:00:00.000;2013-02-05 00:00:00.000;0;0;0;0;0;0;0;NULL;;
28849;166;;28;SRZ;1899-12-30 08:00:00.000;1899-12-30 17:00:00.000;2013-02-04 00:00:00.000;2013-02-04 00:00:00.000;0;0;0;0;0;0;0;1;;
29314;172;;590;ATY;1899-12-30 08:30:00.000;1899-12-30 00:00:00.000;2013-02-05 00:00:00.000;2013-02-10 00:00:00.000;0;0;0;0;0;0;0;NULL;;
29290;1;;157;PCI;1899-12-30 08:15:00.000;1899-12-30 17:30:00.000;2013-02-06 00:00:00.000;2013-02-12 00:00:00.000;0;0;0;0;0;0;0;NULL;;
29409;94;;422;CAJN;1899-12-30 09:00:00.000;1899-12-30 13:00:00.000;2013-02-07 00:00:00.000;2013-02-08 00:00:00.000;0;1;0;0;0;0;0;NULL;;
29384;1;;642;TSR;1899-12-30 08:30:00.000;1899-12-30 00:00:00.000;2013-02-07 00:00:00.000;2013-02-10 00:00:00.000;0;0;0;0;0;0;0;NULL;;
29602;172;;590;ATY;1899-12-30 08:30:00.000;1899-12-30 18:00:00.000;2013-02-11 00:00:00.000;2013-02-12 00:00:00.000;0;0;0;0;0;0;0;NULL;;
29567;1;;525;LJO;1899-12-30 08:30:00.000;1899-12-30 17:30:00.000;2013-02-14 00:00:00.000;2013-02-15 00:00:00.000;0;0;0;0;0;0;0;NULL;;
29571;1;;119;RML;1899-12-30 08:30:00.000;1899-12-30 17:30:00.000;2013-02-15 00:00:00.000;2013-02-15 00:00:00.000;0;0;0;0;0;0;0;NULL;;
29307;172;;699;HBX;1899-12-30 00:00:00.000;1899-12-30 17:00:00.000;2013-02-16 00:00:00.000;2013-04-15 00:00:00.000;0;0;0;0;0;0;0;NULL;;
29538;1;;317;CGY;1899-12-30 08:30:00.000;1899-12-30 18:00:00.000;2013-02-18 00:00:00.000;2013-02-20 00:00:00.000;0;0;0;0;0;0;0;NULL;;
29649;1;;11;FMS;1899-12-30 08:00:00.000;1899-12-30 17:00:00.000;2013-02-18 00:00:00.000;2013-02-22 00:00:00.000;0;0;0;0;0;0;0;NULL;;
29650;1;;54;AFY;1899-12-30 14:00:00.000;1899-12-30 00:00:00.000;2013-02-19 00:00:00.000;2013-02-22 00:00:00.000;1;0;0;0;0;0;0;NULL;;
29648;1;;114;JVA;1899-12-30 08:30:00.000;1899-12-30 17:30:00.000;2013-02-19 00:00:00.000;2013-02-22 00:00:00.000;0;0;0;0;0;0;0;NULL;;
29776;1;;12;PMT;1899-12-30 08:30:00.000;1899-12-30 17:30:00.000;2013-02-26 00:00:00.000;2013-03-01 00:00:00.000;0;0;0;0;0;0;0;NULL;;
29775;94;;563;YND;1899-12-30 08:00:00.000;1899-12-30 17:00:00.000;2013-03-01 00:00:00.000;2013-03-01 00:00:00.000;0;0;0;0;0;0;0;NULL;;
29291;166;;298;CHT;1899-12-30 08:30:00.000;1899-12-30 17:15:00.000;2013-03-01 00:00:00.000;2013-03-01 00:00:00.000;0;0;0;0;0;0;0;1;;
27006;42;;516;ATL;1899-12-30 08:15:00.000;1899-12-30 00:00:00.000;2013-03-01 00:00:00.000;2013-03-31 00:00:00.000;0;0;0;0;0;0;0;NULL;;
25748;69;;146;TAN;1899-12-30 08:00:00.000;1899-12-30 00:00:00.000;2013-03-01 00:00:00.000;2013-03-31 00:00:00.000;0;0;0;0;0;0;0;0;;
28256;69;;27;CFN;1899-12-30 08:00:00.000;1899-12-30 00:00:00.000;2013-03-01 00:00:00.000;2013-03-31 00:00:00.000;0;0;0;0;0;0;0;NULL;;
29777;1;;12;PMT;1899-12-30 00:00:00.000;1899-12-30 18:00:00.000;2013-03-02 00:00:00.000;2013-03-06 00:00:00.000;0;0;0;0;0;0;0;NULL;;
29765;94;;489;CSA;1899-12-30 08:00:00.000;1899-12-30 17:30:00.000;2013-03-04 00:00:00.000;2013-03-05 00:00:00.000;0;0;0;0;0;0;0;1;;
29789;1;;248;KBN;1899-12-30 08:30:00.000;1899-12-30 17:30:00.000;2013-03-04 00:00:00.000;2013-03-08 00:00:00.000;0;0;0;0;0;0;0;NULL;;
29772;94;;563;YND;1899-12-30 08:00:00.000;1899-12-30 17:00:00.000;2013-03-04 00:00:00.000;2013-03-04 00:00:00.000;0;0;0;0;0;0;0;NULL;;
29945;94;;19;NGD;1899-12-30 08:30:00.000;1899-12-30 18:00:00.000;2013-03-19 00:00:00.000;2013-03-19 00:00:00.000;0;0;0;0;0;0;0;NULL;;
29994;1;;221;SBH;1899-12-30 08:30:00.000;1899-12-30 00:00:00.000;2013-03-21 00:00:00.000;2013-03-24 00:00:00.000;0;0;0;0;0;0;0;NULL;;
30130;1;;124;GSR;1899-12-30 08:30:00.000;1899-12-30 17:30:00.000;2013-03-25 00:00:00.000;2013-03-29 00:00:00.000;0;0;0;0;0;0;0;NULL;;
30278;1;;12;PMT;1899-12-30 08:30:00.000;1899-12-30 00:00:00.000;2013-03-26 00:00:00.000;2013-03-31 00:00:00.000;0;0;0;0;0;0;0;NULL;;
30277;3;;417;FBT;1899-12-30 08:30:00.000;1899-12-30 17:30:00.000;2013-03-29 00:00:00.000;2013-03-29 00:00:00.000;0;0;0;0;0;0;0;NULL;;
30237;69;;146;TAN;1899-12-30 00:00:00.000;1899-12-30 17:00:00.000;2013-04-01 00:00:00.000;2013-04-30 00:00:00.000;0;0;0;0;0;0;0;NULL;;
27007;42;;516;ATL;1899-12-30 00:00:00.000;1899-12-30 00:00:00.000;2013-04-01 00:00:00.000;2013-04-06 00:00:00.000;0;0;0;0;0;0;0;NULL;;
28257;69;;27;CFN;1899-12-30 00:00:00.000;1899-12-30 17:00:00.000;2013-04-01 00:00:00.000;2013-04-30 00:00:00.000;0;0;0;0;0;0;0;NULL;;
30384;1;;580;JLB;1899-12-30 08:30:00.000;1899-12-30 00:00:00.000;2013-04-02 00:00:00.000;2013-04-07 00:00:00.000;0;0;0;0;0;0;0;NULL;;
29852;166;;81;DCD;1899-12-30 08:30:00.000;1899-12-30 18:00:00.000;2013-04-02 00:00:00.000;2013-04-02 00:00:00.000;0;0;0;0;0;0;0;1;;
30279;3;;57;SRL;1899-12-30 08:30:00.000;1899-12-30 17:45:00.000;2013-04-02 00:00:00.000;2013-04-02 00:00:00.000;0;0;0;0;0;0;0;NULL;;
30405;172;;128;DVO;1899-12-30 08:30:00.000;1899-12-30 00:00:00.000;2013-04-04 00:00:00.000;2013-04-14 00:00:00.000;0;0;0;0;0;0;0;NULL;;
30452;172;;664;MAGT;1899-12-30 08:30:00.000;1899-12-30 18:00:00.000;2013-04-09 00:00:00.000;2013-04-30 00:00:00.000;0;0;0;0;0;0;0;NULL;;
30478;1;;134;CLR;1899-12-30 08:15:00.000;1899-12-30 17:15:00.000;2013-04-11 00:00:00.000;2013-04-12 00:00:00.000;0;0;0;0;0;0;0;NULL;;
30370;3;;24;SFR;1899-12-30 08:30:00.000;1899-12-30 17:30:00.000;2013-04-12 00:00:00.000;2013-04-12 00:00:00.000;0;0;0;0;0;0;0;NULL;;
30517;172;;128;DVO;1899-12-30 08:30:00.000;1899-12-30 00:00:00.000;2013-04-15 00:00:00.000;2013-04-21 00:00:00.000;0;0;0;0;0;0;0;NULL;;
30301;172;;699;HBX;1899-12-30 08:00:00.000;1899-12-30 00:00:00.000;2013-04-16 00:00:00.000;2013-06-15 00:00:00.000;0;0;0;0;0;0;0;NULL;;
30605;1;;46;BTE;1899-12-30 08:00:00.000;1899-12-30 16:55:00.000;2013-04-17 00:00:00.000;2013-04-19 00:00:00.000;0;0;0;0;0;0;0;NULL;;
30544;1;;642;TSR;1899-12-30 08:30:00.000;1899-12-30 00:00:00.000;2013-04-17 00:00:00.000;2013-04-21 00:00:00.000;0;0;0;0;0;0;0;NULL;;
30591;3;;176;AMT;1899-12-30 08:30:00.000;1899-12-30 12:00:00.000;2013-04-17 00:00:00.000;2013-04-17 00:00:00.000;0;0;0;0;0;0;0;NULL;;
30592;162;;617;FYGN;1899-12-30 08:15:00.000;1899-12-30 17:45:00.000;2013-04-18 00:00:00.000;2013-04-18 00:00:00.000;0;0;0;0;0;0;0;NULL;;
30590;3;;50;CGN;1899-12-30 08:15:00.000;1899-12-30 17:45:00.000;2013-04-18 00:00:00.000;2013-04-18 00:00:00.000;0;0;0;0;0;0;0;NULL;;
30635;3;;122;JCD;1899-12-30 08:30:00.000;1899-12-30 18:00:00.000;2013-04-22 00:00:00.000;2013-04-22 00:00:00.000;0;0;0;0;0;0;0;NULL;;
30712;1;;642;TSR;1899-12-30 08:30:00.000;1899-12-30 00:00:00.000;2013-04-22 00:00:00.000;2013-04-28 00:00:00.000;0;0;0;0;0;0;0;NULL;;
30672;170;;296;BVI;1899-12-30 08:30:00.000;1899-12-30 18:00:00.000;2013-04-23 00:00:00.000;2013-04-25 00:00:00.000;0;0;0;0;0;0;0;1;;
30563;94;;655;MVR;1899-12-30 08:15:00.000;1899-12-30 17:45:00.000;2013-04-23 00:00:00.000;2013-04-23 00:00:00.000;0;0;0;0;0;0;0;NULL;;
30689;1;;52;VAT;1899-12-30 08:00:00.000;1899-12-30 00:00:00.000;2013-04-24 00:00:00.000;2013-04-27 00:00:00.000;0;0;0;0;0;0;0;NULL;;
30819;166;;582;APE;1899-12-30 08:00:00.000;1899-12-30 17:00:00.000;2013-04-26 00:00:00.000;2013-04-26 00:00:00.000;0;0;0;0;0;0;0;1;;
30768;166;;443;FLBT;1899-12-30 08:00:00.000;1899-12-30 18:00:00.000;2013-04-26 00:00:00.000;2013-04-26 00:00:00.000;0;0;0;0;0;0;0;1;;
30823;1;;674;MACN;1899-12-30 08:30:00.000;1899-12-30 18:00:00.000;2013-04-29 00:00:00.000;2013-05-07 00:00:00.000;0;0;0;0;0;0;0;NULL;;
30238;69;;146;TAN;1899-12-30 00:00:00.000;1899-12-30 17:00:00.000;2013-05-01 00:00:00.000;2013-05-31 00:00:00.000;0;0;0;0;0;0;0;NULL;;
28258;69;;27;CFN;1899-12-30 00:00:00.000;1899-12-30 17:00:00.000;2013-05-01 00:00:00.000;2013-05-31 00:00:00.000;0;0;0;0;0;0;0;NULL;;
30867;166;;386;GLX;1899-12-30 08:30:00.000;1899-12-30 17:30:00.000;2013-05-03 00:00:00.000;2013-05-03 00:00:00.000;0;0;0;0;0;0;0;1;;
30908;166;;580;JLB;1899-12-30 08:30:00.000;1899-12-30 17:30:00.000;2013-05-03 00:00:00.000;2013-05-03 00:00:00.000;0;0;0;0;0;0;0;1;;
31211;1;;104;CBT;1899-12-30 08:30:00.000;1899-12-30 17:30:00.000;2013-05-14 00:00:00.000;2013-05-17 00:00:00.000;0;0;0;0;0;0;0;NULL;;
31026;1;;137;PRZ;1899-12-30 08:30:00.000;1899-12-30 18:00:00.000;2013-05-15 00:00:00.000;2013-05-15 00:00:00.000;0;0;0;0;0;0;0;NULL;;
31300;172;;734;ADE;1899-12-30 13:55:00.000;1899-12-30 17:30:00.000;2013-05-15 00:00:00.000;2013-05-31 00:00:00.000;1;0;0;0;0;0;0;NULL;;
31210;1;;520;MIBN;1899-12-30 08:30:00.000;1899-12-30 17:30:00.000;2013-05-16 00:00:00.000;2013-05-17 00:00:00.000;0;0;0;0;0;0;0;NULL;;
31228;94;;103;CCT;1899-12-30 13:55:00.000;1899-12-30 18:00:00.000;2013-05-16 00:00:00.000;2013-05-16 00:00:00.000;1;0;0;0;0;0;0;1;;
31122;1;;128;DVO;1899-12-30 08:30:00.000;1899-12-30 18:00:00.000;2013-05-16 00:00:00.000;2013-05-16 00:00:00.000;0;0;0;0;0;0;0;NULL;;
31164;94;;559;NMX;1899-12-30 08:00:00.000;1899-12-30 17:00:00.000;2013-05-16 00:00:00.000;2013-05-17 00:00:00.000;0;0;0;0;0;0;0;NULL;;
31242;44;;228;FTT;1899-12-30 13:55:00.000;1899-12-30 17:30:00.000;2013-05-17 00:00:00.000;2013-05-17 00:00:00.000;1;0;0;0;0;0;0;NULL;;
31589;94;;103;CCT;1899-12-30 08:30:00.000;1899-12-30 17:30:00.000;2013-05-17 00:00:00.000;2013-05-17 00:00:00.000;0;0;0;0;0;1;0;NULL;;
31212;172;;104;CBT;1899-12-30 00:00:00.000;1899-12-30 00:00:00.000;2013-05-18 00:00:00.000;2013-07-14 00:00:00.000;0;0;0;0;0;0;0;NULL;;
31590;94;;103;CCT;1899-12-30 08:30:00.000;1899-12-30 18:00:00.000;2013-05-20 00:00:00.000;2013-05-20 00:00:00.000;0;0;0;0;0;1;0;NULL;;
31225;1;;369;RAGY;1899-12-30 08:30:00.000;1899-12-30 00:00:00.000;2013-05-21 00:00:00.000;2013-05-26 00:00:00.000;0;0;0;0;0;0;0;NULL;;
30962;79;FÃ©licitations !!!!!!!!!!!!!!!!;7;TPT;1899-12-30 08:00:00.000;1899-12-30 17:00:00.000;2013-05-22 00:00:00.000;2013-05-27 00:00:00.000;0;0;0;0;0;0;0;1;;
31224;1;;116;SRE;1899-12-30 13:55:00.000;1899-12-30 17:30:00.000;2013-05-23 00:00:00.000;2013-05-31 00:00:00.000;1;0;0;0;0;0;0;NULL;;
31298;1;;564;DOT;1899-12-30 08:00:00.000;1899-12-30 17:00:00.000;2013-05-27 00:00:00.000;2013-05-30 00:00:00.000;0;0;0;0;0;0;0;NULL;;
31240;44;;495;APR;1899-12-30 08:30:00.000;1899-12-30 17:30:00.000;2013-05-27 00:00:00.000;2013-06-21 00:00:00.000;0;0;0;0;0;0;0;NULL;;
31255;1;;646;EGL;1899-12-30 08:30:00.000;1899-12-30 18:00:00.000;2013-05-28 00:00:00.000;2013-06-03 00:00:00.000;0;0;0;0;0;0;0;NULL;;
31241;1;;15;FRDN;1899-12-30 08:30:00.000;1899-12-30 17:30:00.000;2013-05-28 00:00:00.000;2013-05-31 00:00:00.000;0;0;0;0;0;0;0;NULL;;
31299;1;;590;ATY;1899-12-30 08:30:00.000;1899-12-30 00:00:00.000;2013-05-29 00:00:00.000;2013-06-02 00:00:00.000;0;0;0;0;0;0;0;NULL;;
31323;172;;116;SRE;1899-12-30 00:00:00.000;1899-12-30 17:30:00.000;2013-06-01 00:00:00.000;2013-06-07 00:00:00.000;0;0;0;0;0;0;0;NULL;;
31341;172;;734;ADE;1899-12-30 00:00:00.000;1899-12-30 18:00:00.000;2013-06-01 00:00:00.000;2013-06-17 00:00:00.000;0;0;0;0;0;0;0;NULL;;
28259;69;;27;CFN;1899-12-30 00:00:00.000;1899-12-30 00:00:00.000;2013-06-01 00:00:00.000;2013-06-30 00:00:00.000;0;0;0;0;0;0;0;NULL;;
30239;69;;146;TAN;1899-12-30 00:00:00.000;1899-12-30 00:00:00.000;2013-06-01 00:00:00.000;2013-06-30 00:00:00.000;0;0;0;0;0;0;0;NULL;;
31375;172;;646;EGL;1899-12-30 08:30:00.000;1899-12-30 00:00:00.000;2013-06-04 00:00:00.000;2013-06-08 00:00:00.000;0;0;0;0;0;0;0;NULL;;
30722;123;;296;BVI;1899-12-30 08:30:00.000;1899-12-30 17:30:00.000;2013-06-04 00:00:00.000;2013-06-14 00:00:00.000;0;0;0;0;0;0;0;1;;
31410;3;;558;BLX;1899-12-30 08:00:00.000;1899-12-30 12:00:00.000;2013-06-07 00:00:00.000;2013-06-07 00:00:00.000;1;0;0;0;0;0;0;1;;
31412;172;;116;SRE;1899-12-30 00:00:00.000;1899-12-30 00:00:00.000;2013-06-08 00:00:00.000;2013-06-12 00:00:00.000;0;0;0;0;0;0;0;NULL;;
31453;172;;646;EGL;1899-12-30 00:00:00.000;1899-12-30 17:30:00.000;2013-06-09 00:00:00.000;2013-06-14 00:00:00.000;0;0;0;0;0;0;0;NULL;;
31477;1;;79;FBA;1899-12-30 08:30:00.000;1899-12-30 17:30:00.000;2013-06-10 00:00:00.000;2013-06-14 00:00:00.000;0;0;0;0;0;0;0;NULL;;
31562;1;;421;BFN;1899-12-30 08:30:00.000;1899-12-30 17:30:00.000;2013-06-10 00:00:00.000;2013-06-14 00:00:00.000;0;0;0;0;0;0;0;NULL;;
31435;3;;134;CLR;1899-12-30 08:15:00.000;1899-12-30 17:45:00.000;2013-06-11 00:00:00.000;2013-06-11 00:00:00.000;0;0;0;0;0;0;0;1;;
31459;172;;120;JPD;1899-12-30 08:30:00.000;1899-12-30 18:00:00.000;2013-06-12 00:00:00.000;2013-06-25 00:00:00.000;0;0;0;0;0;0;0;NULL;;
31497;170;;281;JMT;1899-12-30 08:30:00.000;1899-12-30 17:15:00.000;2013-06-12 00:00:00.000;2013-06-14 00:00:00.000;0;0;0;0;0;0;0;1;;
31458;172;;116;SRE;1899-12-30 08:30:00.000;1899-12-30 18:00:00.000;2013-06-13 00:00:00.000;2013-06-17 00:00:00.000;0;0;0;0;0;0;0;NULL;;
30968;79;;558;BLX;1899-12-30 08:00:00.000;1899-12-30 17:00:00.000;2013-06-13 00:00:00.000;2013-06-14 00:00:00.000;0;0;0;0;0;0;0;1;;
31577;172;;421;BFN;1899-12-30 00:00:00.000;1899-12-30 00:00:00.000;2013-06-15 00:00:00.000;2013-06-23 00:00:00.000;0;0;0;0;0;0;0;NULL;;
31566;1;;79;FBA;1899-12-30 00:00:00.000;1899-12-30 18:00:00.000;2013-06-15 00:00:00.000;2013-06-18 00:00:00.000;0;0;0;0;0;0;0;NULL;;
31460;172;;699;HBX;1899-12-30 00:00:00.000;1899-12-30 00:00:00.000;2013-06-16 00:00:00.000;2013-09-14 00:00:00.000;0;0;0;0;0;0;0;NULL;;
31561;1;;173;EBN;1899-12-30 13:55:00.000;1899-12-30 17:30:00.000;2013-06-17 00:00:00.000;2013-06-21 00:00:00.000;1;0;0;0;0;0;0;NULL;;
31569;172;;670;MPN;1899-12-30 08:30:00.000;1899-12-30 00:00:00.000;2013-06-17 00:00:00.000;2013-06-30 00:00:00.000;0;0;0;0;0;0;0;NULL;;
31567;94;;2;SBU;1899-12-30 08:30:00.000;1899-12-30 18:00:00.000;2013-06-17 00:00:00.000;2013-06-17 00:00:00.000;0;0;0;0;0;0;0;NULL;;
31587;172;;734;ADE;1899-12-30 08:30:00.000;1899-12-30 18:00:00.000;2013-06-18 00:00:00.000;2013-06-25 00:00:00.000;0;0;0;0;0;0;0;NULL;;
31629;1;;79;FBA;1899-12-30 08:30:00.000;1899-12-30 17:30:00.000;2013-06-19 00:00:00.000;2013-06-21 00:00:00.000;0;0;0;0;0;0;0;NULL;;
29374;79;;86;FFO;1899-12-30 08:30:00.000;1899-12-30 18:00:00.000;2013-06-20 00:00:00.000;2013-06-25 00:00:00.000;0;0;0;0;0;0;0;1;;
31628;44;;495;APR;1899-12-30 00:00:00.000;1899-12-30 00:00:00.000;2013-06-22 00:00:00.000;2013-07-13 00:00:00.000;0;0;0;0;0;0;0;NULL;;
31348;123;;281;JMT;1899-12-30 08:30:00.000;1899-12-30 17:45:00.000;2013-06-24 00:00:00.000;2013-07-04 00:00:00.000;0;0;0;0;0;0;0;1;;
31627;172;;120;JPD;1899-12-30 08:30:00.000;1899-12-30 00:00:00.000;2013-06-26 00:00:00.000;2013-07-14 00:00:00.000;0;0;0;0;0;0;0;NULL;;
31579;166;;520;MIBN;1899-12-30 08:30:00.000;1899-12-30 18:00:00.000;2013-07-01 00:00:00.000;2013-07-01 00:00:00.000;0;0;0;0;0;0;0;1;;
31645;172;;670;MPN;1899-12-30 08:30:00.000;1899-12-30 00:00:00.000;2013-07-01 00:00:00.000;2013-07-21 00:00:00.000;0;0;0;0;0;0;0;NULL;;
30240;69;;146;TAN;1899-12-30 08:00:00.000;1899-12-30 17:00:00.000;2013-07-01 00:00:00.000;2013-07-31 00:00:00.000;0;0;0;0;0;0;0;NULL;;
28260;69;;27;CFN;1899-12-30 08:00:00.000;1899-12-30 17:00:00.000;2013-07-01 00:00:00.000;2013-07-31 00:00:00.000;0;0;0;0;0;0;0;NULL;;
31404;123;;119;RML;1899-12-30 08:30:00.000;1899-12-30 18:00:00.000;2013-07-08 00:00:00.000;2013-07-18 00:00:00.000;0;0;0;0;0;0;0;1;;
31610;79;;558;BLX;1899-12-30 08:00:00.000;1899-12-30 17:00:00.000;2013-07-18 00:00:00.000;2013-07-19 00:00:00.000;0;0;0;0;0;0;0;1;;
31402;170;;119;RML;1899-12-30 08:30:00.000;1899-12-30 18:00:00.000;2013-07-22 00:00:00.000;2013-07-24 00:00:00.000;0;0;0;0;0;0;0;1;;
31372;166;;469;YJN;1899-12-30 08:15:00.000;1899-12-30 17:30:00.000;2013-07-22 00:00:00.000;2013-07-22 00:00:00.000;0;0;0;0;0;0;0;1;;
29754;42;;619;NBY;1899-12-30 08:15:00.000;1899-12-30 00:00:00.000;2013-07-23 00:00:00.000;2013-11-10 00:00:00.000;0;0;0;0;0;0;0;NULL;;
30241;69;;146;TAN;1899-12-30 08:00:00.000;1899-12-30 00:00:00.000;2013-08-01 00:00:00.000;2013-08-31 00:00:00.000;0;0;0;0;0;0;0;NULL;;
28261;69;;27;CFN;1899-12-30 08:00:00.000;1899-12-30 00:00:00.000;2013-08-01 00:00:00.000;2013-08-31 00:00:00.000;0;0;0;0;0;0;0;NULL;;
28262;69;;27;CFN;1899-12-30 00:00:00.000;1899-12-30 17:00:00.000;2013-09-01 00:00:00.000;2013-09-30 00:00:00.000;0;0;0;0;0;0;0;NULL;;
30242;69;;146;TAN;1899-12-30 00:00:00.000;1899-12-30 17:00:00.000;2013-09-01 00:00:00.000;2013-09-30 00:00:00.000;0;0;0;0;0;0;0;NULL;;
31504;79;;468;ACN;1899-12-30 08:30:00.000;1899-12-30 18:00:00.000;2013-09-02 00:00:00.000;2013-09-05 00:00:00.000;0;0;0;0;0;0;0;1;;
30243;69;;146;TAN;1899-12-30 08:00:00.000;1899-12-30 17:00:00.000;2013-10-01 00:00:00.000;2013-10-31 00:00:00.000;0;0;0;0;0;0;0;NULL;;
28263;69;;27;CFN;1899-12-30 08:00:00.000;1899-12-30 17:00:00.000;2013-10-01 00:00:00.000;2013-10-31 00:00:00.000;0;0;0;0;0;0;0;NULL;;
31218;79;;134;CLR;1899-12-30 08:15:00.000;1899-12-30 17:45:00.000;2013-10-23 00:00:00.000;2013-10-28 00:00:00.000;0;0;0;0;0;0;0;1;;
30244;69;;146;TAN;1899-12-30 00:00:00.000;1899-12-30 00:00:00.000;2013-11-01 00:00:00.000;2013-11-30 00:00:00.000;0;0;0;0;0;0;0;NULL;;
28264;69;;27;CFN;1899-12-30 00:00:00.000;1899-12-30 00:00:00.000;2013-11-01 00:00:00.000;2013-11-30 00:00:00.000;0;0;0;0;0;0;0;NULL;;
28265;69;;27;CFN;1899-12-30 00:00:00.000;1899-12-30 00:00:00.000;2013-12-01 00:00:00.000;2013-12-08 00:00:00.000;0;0;0;0;0;0;0;NULL;;
30245;69;;146;TAN;1899-12-30 00:00:00.000;1899-12-30 17:00:00.000;2013-12-01 00:00:00.000;2013-12-31 00:00:00.000;0;0;0;0;0;0;0;NULL;;
30246;69;;146;TAN;1899-12-30 00:00:00.000;1899-12-30 17:00:00.000;2014-01-01 00:00:00.000;2014-01-31 00:00:00.000;0;0;0;0;0;0;0;NULL;;
30247;69;;146;TAN;1899-12-30 00:00:00.000;1899-12-30 17:00:00.000;2014-02-01 00:00:00.000;2014-02-28 00:00:00.000;0;0;0;0;0;0;0;NULL;;
30248;69;;146;TAN;1899-12-30 00:00:00.000;1899-12-30 17:00:00.000;2014-03-01 00:00:00.000;2014-03-31 00:00:00.000;0;0;0;0;0;0;0;NULL;;
